title,price_2022-09-04,price_2022-09-05,price_2022-09-06,price_2022-09-07
Видеокарта/ TUF-RTX3050-O8G-GAMING,,,40130.0,39730.0
Видеокарта/ ROG-STRIX-RTX3080-O12G-EVA,146750.0,146750.0,146750.0,146750.0
nVidia Quadro RTX A6000 A6000 PCI-E 49152Mb GDDR6 384 Bit OEM 900-5G133-2200-000,476630.0,476630.0,483060.0,483060.0
nVidia Quadro RTX A4000 PG190 PCI-E 16384Mb GDDR6 256 Bit OEM 699-5G190-0510-700R,110510.0,110510.0,111480.0,111390.0
nVidia Quadro RTX A2000 A2000 PCI-E 12288Mb GDDR6 192 Bit OEM (NVIDIA A2000 6G),67050.0,67050.0,67640.0,67580.0
nVidia GeForce GT1030 Afox 2Gb (AF1030-2048D5L5-V2),7030.0,7030.0,7030.0,7030.0
Zotac nVidia GeForce RTX 3060 GAMING Twin Edge OC PCI-E 12288Mb GDDR6 192 Bit Retail (ZT-A30600H-10M),72480.0,74860.0,74150.0,74150.0
Zotac GeForce GT 730 Zone Edition PCI-E 4096Mb GDDR3 64 Bit Retail (ZT-71115-20L),6290.0,6290.0,6350.0,6340.0
Zotac GeForce GT 730 ZT-71113-20L PCI-E 2048Mb 64 Bit Retail (ZT-71113-20L),5590.0,5590.0,,
"VCNRTXA2000-12GB-BLK (387914) NVIDIA RTX A2000 12GB (12GB GDDR6, Ampere, 8nm, PCI-E4x16, 4 x mDP, 192-bit, CUDA Cor 3328, Tensor Cor 104, RT Cor 26, Act. Fansink, Dual Slot, Low Profile, L 168mm)",74980.0,84720.0,85470.0,75570.0
TUF-RTX3070Ti-8G-GAMING 8GB GDDR6X 256bit 2xHDMI 3xDP RTL {5} (243014),91720.0,91720.0,91730.0,83510.0
"TESLA T4 PG183 SKU200,GENERIC, A01,TU104  OEM (900-2G183-0000-000)",220140.0,220140.0,220140.0,222400.0
"TESLA  A2 16GB GDDR6  PCIe x8 4.0, Single Slot HHHL, Passive, 60W, PG179 SKU220,GENERIC,GA107-890",97980.0,97980.0,98850.0,98770.0
"TESLA  A16 64 GB GDDR6 with Error Correcting Code (ECC) (16 GB per GPU),4x 232 GB/s, 250 W, PCI Express Gen 4.0 x16, Passive (TCSA16M-PB) (385811) {5}",273740.0,273740.0,273740.0,273740.0
"TESLA  A100 40GB HBM2, PCIe x16 4.0, Dual Slot FHFL, Passive, 250W, OEM (900-21001-0000-000) {10}",881060.0,881060.0,888820.0,888110.0
TCSA2M-PB TESLA 16GB GDDR6 128-bit PCI Express 4.0 x8 (388416) {5},106820.0,106820.0,107760.0,107680.0
Sapphire Radeon RX 6800 PULSE OC GAMING PCI-E 16384Mb GDDR6 256 Bit Retail (11305-02-20G),94920.0,94920.0,94920.0,94920.0
Sapphire Radeon RX 6700 XT GAMING PULSE PCI-E 12288Mb GDDR6 192 Bit Retail 11306-02-20G,61150.0,61150.0,61690.0,61640.0
Sapphire Radeon RX 6600 Pulse PCI-E 8192Mb GDDR6 128 Bit Retail (11310-01-20G),61140.0,61140.0,61140.0,
Sapphire Radeon RX 6500 XT PULSE PCI-E 4096Mb GDDR6 64 Bit Retail 11314-01-20G,20860.0,20860.0,20960.0,19690.0
SINOTEX Ninja Radeon RX 550 AHRX55045F PCI-E 4096Mb GDDR5 128 Bit Retail,11710.0,11710.0,11710.0,11710.0
SINOTEX Ninja GeForce GTX 750 Ti NH75TI025F PCI-E 2048Mb GDDR5 128 Bit Retail,9400.0,9400.0,9480.0,9470.0
SINOTEX Ninja GeForce GT 730 NK73NP043F PCI-E 4096Mb GDDR3 128 Bit Retail,4920.0,4920.0,4920.0,4920.0
SINOTEX Ninja GeForce GT 610 NK61NP023F PCI-E 2048Mb GDDR3 64 Bit Retail,3080.0,3080.0,3110.0,3110.0
SINOTEX Ninja GeForce GT 610 NK61NP013F PCI-E 10240Mb GDDR3 64 Bit Retail,2520.0,2520.0,2550.0,2540.0
SINOTEX Ninja GeForce GT 220 NH22NP013F PCI-E 1024Mb GDDR3 128 Bit Retail,2380.0,2380.0,2400.0,2400.0
SINOTEX Ninja GeForce GT 210 NK21NP013F PCI-E 1024Mb GDDR3 64 Bit Retail,2240.0,2240.0,2260.0,2260.0
SINOTEX Ninja AMD Radeon R5 230 AKR523013F PCI-E 1024Mb GDDR3 64 Bit Retail,2310.0,2310.0,2330.0,2330.0
Radeon RX 6750 XT MECH 2X 12G,63760.0,63760.0,64320.0,64270.0
Radeon RX 6600 MECH 2X 8G,40100.0,40100.0,40100.0,40100.0
RX6800XT 16GB GDDR6 256bit DVI HDMI 3xDP (AXRX 6800XT 16GBD6-3DHR/OC) RTL {5} (173137),90930.0,90930.0,90930.0,90930.0
RX6800-16GB (686403) {10},72200.0,72200.0,72840.0,72780.0
RX6700XT OC 12GB GDDR6 (686328),58570.0,58570.0,59080.0,59040.0
"RX6700XT 12GB GDDR6 192bit HDMI 3xDP (AXRX 6700XT 12GBD6-3DH) RTL {15}, (173380)",59670.0,57830.0,58340.0,58290.0
RX6650XT GAMING GDDR6 128-bit HDMI DP (292437) {10},43470.0,43470.0,,
RX6650XT 8GB Hellhound GDDR6 128-bit HDMI DPx3 (174301),40520.0,40520.0,40880.0,
"RX6600 Challenger D 8G 8GB GDDR6 128bit HDMI 3xDP, RTL {10} (935749)",33540.0,33540.0,33540.0,33540.0
RX6600 8GB GDDR6 128bit HDMI 3xDP  (AXRX 6600 8GBD6-3DH) (173526),33160.0,33160.0,33450.0,33420.0
RX6600 8GB GDDR6 128-bit HDMI DP (292802) {10},36100.0,36100.0,36100.0,36100.0
RX6500XT Phantom Gaming D 4GB OC GDDR6 64-bit HDMI DP RTL (936777) RX6500XT PGD 4GO,20810.0,20810.0,21000.0,
RX6500XT MECH 2X 4G OC GDDR6 64-bit HDMI DP (929985),21460.0,22160.0,22160.0,22160.0
RX6500XT 4GB Fighter GDDR6 64bit HDMI DP (174080),20810.0,20810.0,21000.0,20980.0
RX6400 Low Profile 4GB GDDR6 64bit HDMI DP (174110),15070.0,15070.0,15200.0,
RX580 GAMING 8GB 2.0 GDDR5 256bit HDMI 3xDP RTL (306489),23720.0,23720.0,23890.0,23890.0
RX560 4GB GDDR5 128bit DVI HDMI DP RTL {20} (783583) (AFRX560-4096D5H4-V2),12660.0,12660.0,12770.0,12760.0
RTX3080 Ultra W OC 10G LHR-V 10GB GDDR6X 320bit HDMI 3xDP {5},90430.0,90430.0,90430.0,
RTX3080 Advanced OC 12GB LHR-V GDDR6X 384bit HDMI 3xDP (596462),103150.0,103150.0,104060.0,103980.0
RTX3060Ti Ultra W OC LHR-V 8GB GDDR6 256bit HDMI 3xDP (594659),55260.0,55260.0,55740.0,55700.0
RTX3060Ti 8GB UPRISING Dual Fan GDDR6 256bit 3xDP HDMI LHR RTL (647753)  {4},55260.0,55260.0,55740.0,55700.0
RTX3060 Ultra W OC 12G L-V 12GB GDDR6 192bit HDMI 3xDP LHR RTL {5} (594239),47180.0,47180.0,47590.0,47550.0
RTX3060 TWIN X2 12GB GDDR6 192bit DVI HDMI 3xDP RTL {10} (796) (102091),46100.0,46100.0,46100.0,46100.0
RTX3050 GAMING OC X2 8GB GDDR6 128-bit HDMI 3xDP LHR RTL {10} (862) (102671),,,32710.0,32680.0
RTX2060 SC OVERCLOCKED 06G-P4-2062-KR 6GB GDDR6 192bit DVI HDMI DP RTL {15},36840.0,36840.0,37160.0,37130.0
"RTX2060 6GB GDDR6 192BIT, DVI, Display port, HDMI ATX DUAL FAN (AF2060-6144D6H7) (783729)",33750.0,33750.0,33930.0,30590.0
R7 350 Single Fan 2GB GDDR5 128bit DVI HDMI DP RTL{30} (784238),5240.0,5240.0,5290.0,5280.0
PowerColor Radeon RX 6700 XT AXRX 6700XT 12GBD6-3DHL PCI-E 12288Mb GDDR6 192 Bit Retail,61150.0,58940.0,59460.0,59410.0
PowerColor PCI-E AXRX 580 8GBD5-DHDV2/OC AMD Radeon RX 580 8192Mb 256 GDDR5 1350/8000 DVIx1/HDMIx1/DPx1/HDCP Ret,21530.0,21530.0,21720.0,21700.0
PowerColor PCI-E 4.0 AXRX 6500XT 4GBD6-DH AMD Radeon RX 6500XT 4096Mb 64 GDDR6 2359/18000 HDMIx1 DPx3 HDCP Ret,20100.0,20100.0,20270.0,20260.0
Palit nVidia GeForce RTX 3090 Ti GameRock OC PCI-E 24576Mb GDDR6X 384 Bit Retail NED309TS19SB-1022G,165970.0,165970.0,165970.0,165970.0
Palit nVidia GeForce RTX 3090 GamingPro PCI-E 24576Mb GDDR6X 384 Bit Retail (NED3090019SB-132BA),156510.0,156510.0,156510.0,141950.0
Palit nVidia GeForce RTX 3080 Ti GamingPro PCI-E 12288Mb GDDR6X 384 Bit Retail (NED308T019KB-132AA),123750.0,123750.0,123750.0,124840.0
Palit nVidia GeForce RTX 3080 Ti GameRock OC PCI-E 12288Mb GDDR6X 384 Bit Retail (NED308TT19KB-1020G),125660.0,125660.0,125660.0,125660.0
Palit nVidia GeForce RTX 3080 GamingPro LHR PCI-E 10240Mb GDDR6X 320 Bit Retail,87360.0,87360.0,87360.0,75560.0
Palit nVidia GeForce RTX 3080 GameRock V1 LHR PCI-E 10240Mb GDDR6X 320 Bit Retail,91000.0,91000.0,91000.0,82850.0
Palit nVidia GeForce RTX 3070 Ti GamingPro PCI-E 8192Mb GDDR6X 256 Bit Retail,71340.0,71340.0,71340.0,76540.0
Palit nVidia GeForce RTX 3070 Ti GameRock PCI-E 8192Mb GDDR6X 256 Bit Retail (NED307T019P2-1047G),72800.0,72800.0,72800.0,66470.0
Palit nVidia GeForce RTX 3070 Ti GameRock OC PCI-E 8192Mb GDDR6X 256 Bit Retail (NED307TT19P2-1047G),74980.0,74980.0,74980.0,68470.0
Palit nVidia GeForce RTX 3070 JetStream V1 LHR PCI-E 8192Mb GDDR6 256 Bit Retail (NE63070019P2-1040J V1),61150.0,61150.0,61150.0,55840.0
Palit nVidia GeForce RTX 3070 JetStream OC V1 LHR PCI-E 8192Mb GDDR6 256 Bit Retail,59700.0,59700.0,59700.0,54510.0
Palit nVidia GeForce RTX 3070 GamingPro OC LHR PCI-E 8192Mb GDDR6 256 Bit Retail (NE63070S19P2-1041A),61520.0,61520.0,61520.0,56170.0
Palit nVidia GeForce RTX 3070 GamingPro LHR PCI-E 8192Mb GDDR6 256 Bit Retail (NE63070019P2-1041A),61150.0,61150.0,61150.0,55840.0
Palit nVidia GeForce RTX 3070 GameRock OC PCI-E 8192Mb GDDR6 256 Bit Retail (NE63070H19P2-1040G),76210.0,76210.0,76600.0,76540.0
Palit nVidia GeForce RTX 3070 GameRock OC LHR PCI-E 8192Mb GDDR6 256 Bit Retail (NE63070H19P2-1040G V1),64430.0,64430.0,64430.0,58830.0
Palit nVidia GeForce RTX 3070 GameRock LHR PCI-E 8192Mb GDDR6 256 Bit Retail (NE63070019P2-1040G),64060.0,64060.0,64060.0,58500.0
Palit nVidia GeForce RTX 3070 GAMINGPRO PCI-E 8192Mb GDDR6 256 Bit Retail,68900.0,68900.0,68900.0,68900.0
Palit nVidia GeForce RTX 3070 GAMING PRO (LHR) PCI-E 8192Mb GDDR6 256 Bit OEM NE63070019P2-1041X,71850.0,71850.0,72230.0,72170.0
Palit nVidia GeForce RTX 3060 Ti TI DUAL OC PCI-E 8192Mb GDDR6 256 Bit Retail,47990.0,47940.0,47890.0,47850.0
Palit nVidia GeForce RTX 3060 Ti Dual V1 LHR PCI-E 8192Mb GDDR6 256 Bit Retail NE6306T019P2-190AD,44520.0,44520.0,44520.0,44520.0
Palit nVidia GeForce RTX 3060 Ti DUAL V1 LHR PCI-E 8192Mb GDDR6 256 Bit Retail (NE6306T019P2-190AD),47990.0,47940.0,47890.0,47850.0
Palit nVidia GeForce RTX 3060 Ti DUAL PCI-E 8192Mb GDDR6 256 Bit OEM NE6306T019P2-190AS,56730.0,56980.0,57270.0,56860.0
Palit nVidia GeForce RTX 3060 Ti DUAL OC PCI-E 8192Mb GDDR6 256 Bit Retail (NE6306TS19P2-190AD),49140.0,49140.0,49140.0,45040.0
Palit nVidia GeForce RTX 3060 StormX LHR PCI-E 12288Mb GDDR6 192 Bit Retail (NE63060019K9-190AF),74240.0,76680.0,76680.0,75950.0
Palit nVidia GeForce RTX 3060 Dual OC PCI-E 12288Mb GDDR6 192 Bit Retail (NE63060T19K9-190AD),,,45680.0,45680.0
Palit nVidia GeForce RTX 3060 Dual LHR PCI-E 12288Mb GDDR6 192 Bit Retail (PA-RTX3060 Dual 12G),52720.0,54450.0,53930.0,50300.0
Palit nVidia GeForce RTX 3050 Dual PCI-E 8192Mb GDDR6 128 Bit Retail (NE63050019P1-190AD),34840.0,34840.0,34660.0,33900.0
Palit nVidia GeForce RTX 3050 Dual OC PCI-E 8192Mb GDDR6 128 Bit Retail NE63050T19P1-190AD,30600.0,30600.0,30600.0,30600.0
Palit nVidia GeForce RTX 2060 SUPER DUAL PCI-E 8192Mb GDDR6 256 Bit Retail (ne6206s018p2-1160a-1),37860.0,37860.0,37860.0,34830.0
Palit Palit RTX3090 GAMINGPRO OC 24G GDDR6X 384bit 3-DP HDMI,157240.0,157240.0,157240.0,142610.0
Palit PCI-E PA-GTX1660 STORMX 6G BULK nVidia GeForce GTX 1660 6144Mb 192bit GDDR5 1530/8000 DVIx1/HDMIx1/DPx1/HDCP Bulk,40550.0,40550.0,40550.0,40550.0
Palit PCI-E PA-GTX1650 GP OC 4G D6 NV GTX1650 4096Mb 128 GDDR6 1410/12000/HDMIx1/DPx2/HDC NE61650S1BG1-1175A,19150.0,19150.0,19150.0,18140.0
Palit PCI-E 4.0 PA-RTX3080 GAMINGPRO OC 12G V1 LHR NVIDIA GeForce RTX 3080 12288Mb 384 GDDR6X 1260/19000 HDMIx1 DPx3 HDCP Ret,101920.0,101920.0,101920.0,92790.0
Palit PCI-E 4.0 PA-RTX3080 GAMINGPRO 12G LHR NVIDIA GeForce RTX 3080 12288Mb 320 GDDR6X 1710/19000 HDMIx1 DPx3 HDCP Ret,99000.0,99000.0,99000.0,99000.0
Palit PCI-E 4.0 PA-RTX3060Ti DUAL 8G V1 LHR NVIDIA GeForce RTX 3060Ti 8192Mb 256 GDDR6 1410/14000 HDMIx1 DPx3 HDCP Bulk,48050.0,48050.0,48050.0,44040.0
Palit GeForce GTX 1660 Ti Dual PCI-E 6144Mb GDDR6 192 Bit Retail (NE6166T018J9-1160C),29250.0,30580.0,30580.0,30850.0
Palit GeForce GTX 1660 SUPER StormX PCI-E 6144Mb GDDR6 192 Bit OEM (NE6166S018J9-161F),28760.0,28760.0,28760.0,26460.0
Palit GeForce GTX 1660 SUPER StormX OC PCI-E 6144Mb GDDR6 192 Bit Retail (NE6166SS18J9-161F),,,35020.0,34990.0
Palit GeForce GTX 1660 SUPER GP PCI-E 6144Mb GDDR6 192 Bit Retail (NE6166S018J9-1160A-1),25360.0,25330.0,25330.0,30480.0
Palit GeForce GTX 1660 SUPER GP OC PCI-E 6144Mb GDDR6 192 Bit Retail (NE6166SS18J9-1160A-1),27420.0,27400.0,27370.0,27340.0
Palit GeForce GTX 1660 DUAL PCI-E 6144Mb GDDR5 192 Bit OEM (NE51660018J9-1161C),36480.0,37680.0,37320.0,37320.0
Palit GeForce GTX 1650 StormX PCI-E 4096Mb GDDR5 128 Bit Retail (NE51650006G1-1170F),13050.0,13050.0,13050.0,15740.0
Palit GeForce GTX 1650 GP PCI-E 4096Mb GDDR6 128 Bit Retail (NE6165001BG1-1175A),18610.0,18610.0,18610.0,18610.0
Palit GeForce GTX 1650 GP PCI-E 4096Mb GDDR6 128 Bit Bulk (NE6165001BG1-1175A),18440.0,18440.0,18440.0,17600.0
Palit GeForce GTX 1630 Dual PCI-E 4096Mb GDDR6 64 Bit Retail NE6163001BG6-1175D,15530.0,14540.0,14540.0,12960.0
Palit GeForce GTX 1050 Ti StormX PCI-E 4096Mb GDDR5 128 Bit OEM,18490.0,18490.0,18490.0,17220.0
Palit GeForce GTX 1050 Ti PA-GTX1050Ti StormX 4G PCI-E 4096Mb 128 Bit Retail (PA-GTX1050Ti StormX 4G),16460.0,16440.0,16420.0,15530.0
Palit GeForce GT 730 GeForce GT730 PCI-E 2048Mb GDDR3 128 Bit Retail,5680.0,5680.0,5710.0,5700.0
Palit GeForce GT 710 PA-GT710-2GD3H PCI-E 2048Mb DDR3 64 Bit OEM (NEAT7100HD46-2080H),4300.0,4300.0,4320.0,4320.0
Palit GeForce GT 710 PA-GT710-2GD3H PCI-E 2048Mb 64 Bit Retail (PA-GT710-2GD3H)  NEAT7100HD46-2080H,4370.0,4370.0,4390.0,4390.0
Palit GeForce GT 1030 NEC103000646-1082F PCI-E 2048Mb 64 Bit OEM (NEC103000646-1082F),7340.0,7340.0,7340.0,6690.0
PNY nVidia GeForce RTX 3060 VCG306012DFMPB PCI-E 12288Mb GDDR6 192 Bit Retail,45570.0,45570.0,45570.0,46040.0
PNY nVidia GeForce RTX 3060 Ti XLR8 Gaming REVEL EPIC-X RGB LHR PCI-E 8192Mb GDDR6 256 Bit Retail (VCG3060T8LDFXPPB),67990.0,68950.0,69310.0,69250.0
PNY Quadro T400 VCNT400BLK-1 PCI-E 2048Mb GDDR6 64 Bit Retail,17940.0,17940.0,18100.0,
PNY Quadro T400 VCNT400-SB PCI-E 2048Mb GDDR6 64 Bit OEM,17220.0,17220.0,17380.0,
PNY Quadro T400 VCNT400-PB PCI-E 2048Mb GDDR6 64 Bit Retail,19440.0,18660.0,18820.0,
PNY Quadro T400 T400 PCI-E 4096Mb GDDR6 64 Bit Retail VCNT400-4GB-SB,24210.0,24210.0,24210.0,24590.0
PNY Quadro T1000 VCNT1000-SB PCI-E 4096Mb GDDR6 128 Bit Retail,62360.0,62360.0,62360.0,62360.0
PNY Quadro T1000 T1000 PCI-E 8192Mb GDDR6 128 Bit Retail VCNT1000-8GB-PB,47800.0,47800.0,47800.0,47800.0
"PNY Quadro T1000 T1000 PCI-E 8192Mb GDDR6 128 Bit Retail ""VCNT1000-8GB-SB""",44200.0,44200.0,44200.0,44200.0
PNY Quadro T1000 T1000 PCI-E 8192Mb GDDR6 128 Bit OEM VCNT1000-8GB-BLK-1,48400.0,48400.0,48400.0,48400.0
"PNY Quadro RTX A5000 24GB GDDR6 with ECC, PCIE 4.x16, 384bit (VCNRTXA5000-SB), (3383763)",230590.0,230590.0,232620.0,232430.0
PNY Quadro RTX A4500 VCNRTXA4500-SB PCI-E 20480mb GDDR6 320 Bit Retail,161700.0,161700.0,163130.0,162990.0
PNY Quadro RTX A4500 VCNRTXA4500-PB PCI-E 20480mb GDDR6 320 Bit Retail,169070.0,169070.0,170560.0,170420.0
PNY Quadro RTX A4500 A4500 PCI-E 20480mb GDDR6 320 Bit Retail SVCNRTXA4500-PB,161970.0,161970.0,163400.0,163270.0
PNY Quadro RTX A2000 VCNRTXA2000-12GB-SB PCI-E 12288Mb GDDR6 192 Bit Retail,77720.0,77720.0,77720.0,77720.0
PNY Quadro RTX A2000 VCNRTXA2000-12GB-PB PCI-E 12288Mb GDDR6 192 Bit Retail,86370.0,82510.0,83240.0,83240.0
PNY GeForce GTX 1660 Ti XLR8 Gaming Overclocked Single Fan PCI-E 6144Mb GDDR6 192 Bit Retail (VCG1660T6SFPPB),60570.0,60570.0,,
PCIE16 TESLA T4 16GB GDDR6 TCST4M-PB PNY,201380.0,204470.0,203150.0,202990.0
PCIE16 T600 4GB GDDR6 BOX 900-5G172-2520-000 PNY,38090.0,38090.0,38090.0,38090.0
PCIE16 T1000 8GB GDDR6 900-5G172-2570-000 NVIDIA,51980.0,51980.0,52260.0,53680.0
PCIE16 RTX3090TI 24GB RTX3090TI GAMEROCK 24G PALIT,169440.0,171070.0,171070.0,154550.0
PCIE16 RTX3090TI 24GB GV-N309TAORUSX W-24GD GIGABYTE,157580.0,157580.0,157580.0,157580.0
PCIE16 RTX3090TI 24GB 3090 TI X 3FAN 24G KFA2,160460.0,160820.0,160820.0,160820.0
PCIE16 RTX3080 12GB LHR RTX 3080 SG 12G LHR KFA2,97070.0,97070.0,97070.0,97850.0
PCIE16 RTX3080 12GB LHR PA-RTX3080 GAMEROCK 12G PALIT,96760.0,96760.0,96760.0,96760.0
PCIE16 RTX3070TI 8GB RTX 3070TI SG 8GB KFA2,69330.0,69330.0,69330.0,69330.0
PCIE16 RTX3070 8GB LHR RTX 3070 X BLACK 8GB KFA2,62300.0,63260.0,62850.0,62810.0
PCIE16 RTX3060TI 8GB LHR RTX3060TI CORE 8G KFA2,49150.0,49150.0,49150.0,49700.0
PCIE16 RTX3060TI 8GB LHR RTX 3060 TI X BLACK 8GB KFA2,50350.0,50350.0,50790.0,49300.0
PCIE16 RTX3060TI 8GB LHR 3060 TI VEN 2X 8G OCV1 LHR MSI,53360.0,53360.0,53360.0,53360.0
PCIE16 RTX3050 8GB GDDR6 RTX3050 CORE 8GB KFA2,30430.0,30430.0,30430.0,30430.0
PCIE16 RTX A5000 24GB 900-5G132-2500-000 NVIDIA,217310.0,220660.0,219220.0,219040.0
PCIE16 RTX A4000 16GB BLK 256B 900-5G190-2200-000 NVIDIA,105040.0,106650.0,105960.0,105880.0
PCIE16 RTX A4000 16GB 900-5G190-2500-000 NVIDIA,114450.0,116220.0,115470.0,115370.0
PCIE16 RTX A4000 16GB 256B VCNRTXA4000-BLK PNY,,,107590.0,107590.0
PCIE16 RTX A2000 12GB 900-5G192-2551-000 NVIDIA,74980.0,76140.0,75630.0,75570.0
PCIE16 GTX1660 SUPER 6GB AF1660S-6144D6H4-V2 AFOX,29350.0,29350.0,29350.0,29580.0
PCIE16 GTX1660 6GB GDDR5 GTX 1660 1-CLICK OC 6G KFA2,25410.0,25790.0,25630.0,25610.0
PCIE16 GTX1650 4GB GDDR6 GV-N1656OC-4GD V2.0 GIGABYTE,19370.0,19440.0,19610.0,19530.0
PCIE16 GT730 1GB DDR3 AF730-1024D3L3-V3 AFOX,3600.0,3660.0,3630.0,3630.0
PCIE16 GT610 2GB DDR3 AF610-2048D3L7-V6 AFOX,3000.0,3040.0,3020.0,3020.0
Nvidia T600 4G / ATX Bracket only,22970.0,22970.0,23180.0,22410.0
Ninja R9 370 (1024SP) 4GB GDDR5 256BIT (DVI/HDMI/DP) AHR937045F,10620.0,10620.0,10620.0,10620.0
"Ninja NK103FG25F, GT1030  PCIE (384SP) 2G 64BIT GDDR5 (Dual Link DVI-D/HDMI)  RTL {20}",6900.0,6900.0,6960.0,6960.0
Ninja GTX750 (512SP) 2GB NH75NP025F GDDR5 128bit DVI HDMI CRT,7130.0,7130.0,7200.0,7190.0
Ninja GTX1660Ti PCIE (1536P) 6GB 192BIT GDDR6 (DVI/HDMI/DP),26460.0,26460.0,26460.0,26460.0
Ninja GTX1660SUPER PCIE (1408SP) NK166SF66F  6GB 192BIT GDDR6 (DVI/HDMI/DP),27300.0,27300.0,27540.0,27540.0
Ninja GTX1650  NK165DF46F PCIE (896SP) 4G 128BIT GDDR6 (DVI/HDMI/DP),17050.0,17050.0,17050.0,17050.0
Ninja GT220 PCIE (48SP) 1GB 128BIT DDR3 DVI-D HDMI (NK22NP013F) RTL,2340.0,2340.0,2360.0,2360.0
"NVIDIA TESLA,A2,16GB,PCIE (388454)",103250.0,103250.0,104160.0,104070.0
"NVIDIA TESLA A30 OEM 900-21001-0040-000, 24GB HBM2, PCIe x16 4.0, Dual Slot FHFL, Passive, 165W",348470.0,348470.0,351540.0,351260.0
"NVIDIA TESLA A16 4x Ampere GPU, 64GB (4x 16GB), 250W (900-2G171-0000-000) {9}",279940.0,279940.0,282410.0,282180.0
NVIDIA TESLA  A30 24GB PCI EXP  (TCSA30M-PB) {5} (384135),374240.0,374240.0,374240.0,377230.0
NVIDIA TESLA  A10 CEC 24GB PCI EXP  (TCSA10MCEC-PB),239420.0,239420.0,241530.0,241340.0
NVIDIA A2000 6G (RTL) (25) (900-5G192-2200-000) (400325) / ATX bracket,67050.0,67050.0,67640.0,67580.0
NINJA Radeon RX 580 AJRX58085F PCI-E 8192Mb GDDR5 256 Bit Retail,18650.0,18650.0,18810.0,18800.0
NINJA Radeon RX 560 AHRX56045F PCI-E 4096Mb GDDR5 128 Bit Retail,12310.0,12310.0,12420.0,
NINJA GeForce GTX 750 Ti NH75TI045F PCI-E 4096Mb GDDR5 128 Bit Retail,11290.0,11290.0,11390.0,11380.0
NINJA GeForce GT 740 NH74NP045F PCI-E 4096Mb GDDR5 128 Bit Retail,8090.0,8090.0,8170.0,
NINJA GeForce GT 740 NH74NP025F PCI-E 2048Mb GDDR5 128 Bit Retail,,,6080.0,
NINJA AMD Radeon R5 230 AKR523023F PCI-E 2048Mb DDR3 64 Bit Retail AKR523023F,2870.0,2870.0,2900.0,2900.0
MSI nVidia GeForce RTX 3090 VENTUS PCI-E 24576Mb GDDR6X 384 Bit Retail,142420.0,142420.0,142420.0,142420.0
MSI nVidia GeForce RTX 3090 Ti SUPRIM X PCI-E 24576Mb GDDR6X 384 Bit Retail,192680.0,192680.0,192680.0,192680.0
MSI nVidia GeForce RTX 3090 Ti GAMING X TRIO PCI-E 24576Mb GDDR6X 384 Bit Retail,140220.0,140220.0,140220.0,140220.0
MSI nVidia GeForce RTX 3090 SUPRIM X PCI-E 24576Mb GDDR6X 384 Bit Retail (RTX 3090 SUPRIM X 24G),139830.0,139830.0,139830.0,139830.0
MSI nVidia GeForce RTX 3090 GAMING X TRIO PCI-E 24576Mb GDDR6X 384 Bit Retail,170980.0,170980.0,170980.0,153120.0
MSI nVidia GeForce RTX 3080 VENTUS 3X PLUS PCI-E 12288Mb GDDR6X 384 Bit Retail 602-V389-301S,98060.0,98060.0,98060.0,89410.0
MSI nVidia GeForce RTX 3080 VENTUS 3X PLUS OC LHR PCI-E 10240Mb GDDR6X 320 Bit Retail (RTX 3080 VENTUS 3X PLUS 10G OCLHRRU),85300.0,85300.0,85300.0,85300.0
MSI nVidia GeForce RTX 3080 Ti GAMING X TRIO PCI-E 12288Mb GDDR6X 384 Bit Retail (RTX 3080 Ti GAMING X TRIO 12G ),141840.0,141840.0,141840.0,141840.0
MSI nVidia GeForce RTX 3070 VENTUS 3X PLUS 8G OC LHR PCI-E 8192Mb GDDR6 256 Bit Retail,68110.0,68110.0,68710.0,68650.0
MSI nVidia GeForce RTX 3070 VENTUS 2X OC LHR PCI-E 8192Mb GDDR6 256 Bit Retail (RTX 3070 VENTUS 2X 8G OC LHR),66520.0,66520.0,66520.0,66520.0
MSI nVidia GeForce RTX 3070 Ti VENTUS 3X OC PCI-E 8192Mb GDDR6X 256 Bit Retail (RTX 3070TI VENTUS 3X 8G OC  602-V505-04S),80080.0,80080.0,80080.0,72910.0
MSI nVidia GeForce RTX 3070 Ti VENTUS 3X OC PCI-E 8192Mb GDDR6X 256 Bit Retail (RTX 3070 TI VENTUS 3X 8G OC),82480.0,82480.0,82480.0,82480.0
MSI nVidia GeForce RTX 3070 Ti GAMING X TRIO PCI-E 8192Mb GDDR6X 256 Bit Retail (RTX3070TI GAMING X TRIO 8G  602-V505-12S),85370.0,85370.0,85370.0,85370.0
MSI nVidia GeForce RTX 3070 GAMING Z TRIO LHR PCI-E 8192Mb GDDR6 256 Bit Retail (RTX 3070 GAMING Z TRIO 8G),66510.0,66510.0,66510.0,66510.0
MSI nVidia GeForce RTX 3060 VENTUS 3X OC PCI-E 12288Mb GDDR6 192 Bit Retail,46410.0,46410.0,46410.0,46410.0
MSI nVidia GeForce RTX 3060 VENTUS 2X OC PCI-E 12288Mb GDDR6 192 Bit Retail (RTX 3060 VENTUS 2X 12G OC),44560.0,44560.0,44950.0,44910.0
MSI nVidia GeForce RTX 3060 Ti VENTUS 3X 8G OC LHR PCI-E 8192Mb GDDR6 256 Bit Retail,61690.0,61690.0,62010.0,61960.0
MSI nVidia GeForce RTX 3060 Ti VENTUS 2X OCV1 LHR PCI-E 8192Mb GDDR6 256 Bit Retail (3060 Ti VENTUS 2X 8G OCV1 LHR),55430.0,55430.0,55430.0,
MSI nVidia GeForce RTX 3060 Ti GAMING Z TRIO LHR PCI-E 8192Mb GDDR6 256 Bit Retail (RTX3060TI GAM ZTRIO8G LHR),60420.0,67510.0,66870.0,66870.0
MSI nVidia GeForce RTX 3060 Ti GAMING Z TRIO LHR PCI-E 8192Mb GDDR6 256 Bit Retail,52650.0,52650.0,52650.0,52650.0
MSI nVidia GeForce RTX 3060 Ti GAMING X LHR PCI-E 8192Mb GDDR6 256 Bit Retail (RTX 3060 TI GAMING X 8G LHR),57380.0,57380.0,57380.0,61960.0
MSI nVidia GeForce RTX 3060 GAMING X LHR PCI-E 12288Mb GDDR6 192 Bit Retail (RTX 3060 GAMING X 12G),41300.0,41300.0,41300.0,41300.0
MSI nVidia GeForce RTX 3050 VENTUS 2X OC PCI-E 8192Mb GDDR6 128 Bit Retail (RTX 3050 VENTUS 2X 8G OC),27550.0,27550.0,35750.0,34990.0
MSI nVidia GeForce RTX 3050 GAMING X PCI-E 8192Mb GDDR6 128 Bit Retail (RTX 3050 GAMING X 8G),38470.0,38470.0,38670.0,38640.0
MSI nVidia GeForce RTX 2060 VENTUS OC PCI-E 6144Mb GDDR6 192 Bit Retail (RTX 2060 VENTUS 6G OC),34340.0,34340.0,34340.0,34340.0
MSI nVidia GeForce RTX 2060 VENTUS OC PCI-E 6144Mb GDDR6 192 Bit OEM,44010.0,44010.0,44230.0,44200.0
MSI nVidia GeForce RTX 2060 VENTUS OC PCI-E 12288Mb GDDR6 192 Bit Retail (RTX 2060 VENTUS 12G OC),32990.0,32990.0,32990.0,32990.0
MSI nVidia GeForce RTX 2060 VENTUS GP OC PCI-E 6144Mb GDDR6 192 Bit Retail,31070.0,31040.0,31010.0,31010.0
MSI nVidia GeForce RTX 2060 SUPER VENTUS OC PCI-E 8192Mb GDDR6 256 Bit OEM (RTX 2060 SUPER VENTUS OC RU),53690.0,53690.0,53690.0,53690.0
MSI nVidia GeForce RTX 2060 SUPER VENTUS GP PCI-E 8192Mb GDDR6 256 Bit Retail (RTX 2060 SUPER VENTUS GP),47180.0,47180.0,47180.0,47180.0
MSI nVidia GeForce RTX 2060 SUPER VENTUS GP OC PCI-E 8192Mb GDDR6 256 Bit Retail (RTX 2060 SUPER VENTUS GP OC),42640.0,42640.0,42640.0,42640.0
MSI Radeon RX 6750 XT MECH 2X 12G OC PCI-E 12288Mb GDDR6 192 Bit Retail,63040.0,63040.0,63590.0,63540.0
MSI Radeon RX 6750 XT GAMING X TRIO 12G PCI-E 12288Mb GDDR6 192 Bit Retail,64850.0,64850.0,64850.0,65370.0
MSI Radeon RX 6700 XT MECH 2X PCI-E 12288Mb GDDR6 192 Bit Retail (RX 6700 XT MECH 2X 12G),57960.0,58690.0,59210.0,59160.0
MSI Radeon RX 6700 XT MECH 2X PCI-E 12288Mb GDDR6 192 Bit Retail (RX 6700 XT MECH 2X 12G ),58600.0,58600.0,58600.0,53510.0
MSI Radeon RX 6700 XT GAMING X PCI-E 12288Mb GDDR6 192 Bit Retail (RX 6700 XT GAMING X 12G),71710.0,62610.0,62610.0,57170.0
MSI Radeon RX 6650 XT MECH 2X OC PCI-E 8192Mb GDDR6 128 Bit Retail,45410.0,45410.0,45410.0,45410.0
MSI Radeon RX 6500 XT MECH 2X PCI-E 4096Mb GDDR6 64 Bit Retail,17680.0,17680.0,17680.0,17680.0
MSI Radeon RX 550 Radeon RX 550 AERO ITX 4G OC PCI-E 4096Mb GDDR5 128 Bit Retail (RX 550 AERO ITX 4G OC),12060.0,12060.0,12060.0,12270.0
MSI RTX 3050 AERO  ITX 8G OC RTL,36660.0,36660.0,36850.0,36160.0
MSI PCI-E GTX 1660 SUPER VENTUS XS nVidia GeForce GTX 1660SUPER 6144Mb 192bit GDDR6 1530/14000/HDMIx1/DPx3/HDCP Ret,32690.0,32690.0,32690.0,32690.0
MSI PCI-E GTX 1660 SUPER AERO ITX nVidia GeForce GTX 1660SUPER 6144Mb 192bit GDDR6 1530/14000 DVIx1/HDMIx1/DPx1/HDCP Ret,29060.0,29060.0,29060.0,26800.0
MSI PCI-E GTX 1650 VENTUS XS 4G OC nVidia GeForce GTX 1650 4096Mb 128bit GDDR5 1485/8000 DVIx1/HDMIx1/DPx1/HDCP Ret,18470.0,18470.0,18470.0,17930.0
MSI PCI-E GTX 1650 D6 VENTUS XS OC nVidia GeForce GTX 1650 4096Mb 128bit GDDR6 1485/8000 DVIx1/HDMIx1/DPx1/HDCP Ret,20500.0,20500.0,20500.0,20590.0
MSI PCI-E 4.0 RTX 3090 Ti GAMING TRIO 24G NVIDIA GeForce RTX 3090TI 24576Mb 384 GDDR6X 1815/21000 HDMIx1 DPx3 HDCP Ret,171530.0,171530.0,166700.0,166700.0
MSI PCI-E 4.0 RTX 3080 VENTUS 3X PLUS 10G OC LHR RU NVIDIA GeForce RTX 3080 10240Mb 320 GDDR6X 1740/19000 HDMIx1 DPx3 HDCP Ret,94640.0,94640.0,94640.0,86170.0
MSI PCI-E 4.0 RTX 3080 Ti VENTUS 3X 12G OC RU NVIDIA GeForce RTX 3080TI 12288Mb 384 GDDR6X 1695/19000 HDMIx1 DPx3 HDCP Ret,132780.0,132780.0,132780.0,132780.0
MSI PCI-E 4.0 RTX 3070 VENTUS 3X PLUS 8G OC LHR NVIDIA GeForce RTX 3070 8192Mb 256 GDDR6 1755/14000 HDMIx1 DPx3 HDCP Ret,66970.0,66970.0,66970.0,66970.0
MSI PCI-E 4.0 RTX 3060 Ti VENTUS 2X 8G V1 LHR RU NVIDIA GeForce RTX 3060Ti 8192Mb 256 GDDR6 1695/14000 HDMIx1 DPx3 HDCP Ret,52400.0,52400.0,52400.0,52400.0
MSI PCI-E 4.0 RTX 3060 Ti VENTUS 2X 8G OCV1 LHR NVIDIA GeForce RTX 3060Ti 8192Mb 256 GDDR6 1695/14000 HDMIx1 DPx3 HDCP Ret,53750.0,53750.0,53750.0,53750.0
MSI PCI-E 4.0 RTX 3060 Ti AERO ITX 8G OC LHR NVIDIA GeForce RTX 3060Ti 8192Mb 256 GDDR6 1695/14000 HDMIx1 DPx3 HDCP Ret,47820.0,47820.0,48240.0,48200.0
MSI PCI-E 4.0 RTX 3050 VENTUS 2X 8G OC NVIDIA GeForce RTX 3050 8192Mb 128 GDDR6 1807/14000 HDMIx1 DPx3 HDCP Ret,33560.0,33560.0,33560.0,33560.0
MSI PCI-E 4.0 RTX 3050 GAMING X 8G NVIDIA GeForce RTX 3050 8192Mb 128 GDDR6 1845/14000 HDMIx1 DPx3 HDCP Ret,35330.0,35330.0,35330.0,33160.0
MSI GeForce GTX 1660 SUPER VENTUS XS OC PCI-E 6144Mb GDDR6 192 Bit Retail (GTX 1660 SUPER VENTUS XS OC),29710.0,29710.0,29710.0,29710.0
MSI GeForce GTX 1660 SUPER VENTUS XS OC PCI-E 6144Mb GDDR6 192 Bit Retail (GTX 1660 SUPER VENTUS XS OC RU),52670.0,52670.0,53880.0,53880.0
MSI GeForce GTX 1660 SUPER GAMING X PCI-E 6144Mb GDDR6 192 Bit Retail (GTX 1660 SUPER GAMING X),31230.0,31230.0,31230.0,29120.0
MSI GeForce GTX 1660 SUPER GAMING PCI-E 6144Mb GDDR6 192 Bit Retail (GTX 1660 SUPER GAMING),30690.0,30690.0,31310.0,31580.0
MSI GeForce GTX 1650 VENTUS XS PCI-E 4096Mb GDDR5 128 Bit Retail (GTX 1650 VENTUS XS 4G OCV1),18000.0,18000.0,18160.0,19170.0
MSI GeForce GTX 1650 D6 GTX 1650 D6 VENTUS XS PCI-E 4096Mb GDDR6 128 Bit Retail,17640.0,17640.0,17640.0,17640.0
MSI GeForce GTX 1650 D6 GAMING X PCI-E 4096Mb GDDR6 128 Bit Retail (GTX 1650 D6 GAMING X),18710.0,18710.0,18710.0,18850.0
MSI GeForce GTX 1050 Ti GTX 1050 Ti GAMING X 4G PCI-E 4096Mb GDDR5 128 Bit Retail,21420.0,21420.0,21530.0,19690.0
MSI GeForce GTX 1050 Ti GTX 1050 Ti 4GT OC PCI-E 4096Mb GDDR5 128 Bit Retail,19440.0,19440.0,19440.0,19440.0
MSI GeForce GT 730 OC PCI-E 4096Mb DDR3 64 Bit Retail (N730K-4GD3/OCV1),7810.0,7810.0,7810.0,7810.0
MSI GeForce GT 730 N730K-2GD3H/LP PCI-E 2048Mb 64 Bit Retail (N730K-2GD3H/LP),6130.0,6130.0,6160.0,6150.0
MSI GeForce GT 210 N210-1GD3/LP PCI-E 1024Mb DDR3 64 Bit Retail,3820.0,3820.0,3840.0,3830.0
MSI GeForce GT 1030 GeForce GT 1030 LP OC PCI-E 2048Mb DDR4 64 Bit Retail (GT 1030 2GHD4 LP OC),7750.0,7750.0,7840.0,7840.0
MSI GeForce GT 1030 GeForce GT 1030 AERO ITX 2GD4 OC PCI-E 2048Mb DDR4 64 Bit Retail (GT 1030 AERO ITX 2GD4 OC),8190.0,8190.0,7920.0,7920.0
KFA2 GeForce GTX 1650 D6 EX PCI-E 4096Mb GDDR6 128 Bit Retail,17160.0,17160.0,17160.0,17160.0
InnoVISION nVidia GeForce RTX 3080 CMP-90HX X3M PCI-E 10240Mb GDDR6X 320 Bit OEM,77360.0,77360.0,78040.0,77970.0
Inno3D nVidia GeForce RTX 2060 SUPER Twin X2 OC PCI-E 8192Mb GDDR6 256 Bit Retail (N206S2-08D6X-1710VA15L),39700.0,39700.0,39700.0,
Gigabyte nVidia GeForce RTX 2060 WINDFORCE OC PCI-E 12288Mb GDDR6 192 Bit Retail (GV-N2060WF2OC-12GD),43090.0,43090.0,43090.0,43090.0
Gigabyte PCI-E GV-N710D5-2GIL nVidia GeForce GT 710 2048Mb 64bit GDDR5 954/5010 DVIx1/HDMIx1/CRTx1/HDCP Ret low profile,5840.0,6010.0,6010.0,6010.0
Gigabyte PCI-E GV-N2060D6-12GD NVIDIA GeForce RTX 2060 12288Mb 192 GDDR6 1650/14000 HDMIx1 DPx3 HDCP Ret,36370.0,40520.0,40880.0,40850.0
Gigabyte PCI-E GV-N1656D6-4GL NVIDIA GeForce GTX 1650 4096Mb 128 GDDR6 1590/12000 DVIx1/HDMIx2/DPx1/HDCP Ret low profile,19150.0,19150.0,19540.0,19530.0
Gigabyte PCI-E GV-N1656D6-4GD NVIDIA GeForce GTX 1650 4096Mb 128 GDDR6 1590/12000 DVIx1 HDMIx1 DPx1 HDCP Ret,20210.0,20210.0,20210.0,19170.0
Gigabyte PCI-E GV-N1650D5-4GL NVIDIA GeForce GTX 1650 4096Mb 128 GDDR5 1665/8002 DVIx1/HDMIx1/DPx1/HDCP Ret low profile,18080.0,18080.0,18080.0,18080.0
Gigabyte PCI-E 4.0 GV-R68XTGAMING OC-16GD AMD Radeon RX 6800XT 16384Mb 256 GDDR6 2015/16000/HDMIx2/DPx2/HDCP Ret,90550.0,91950.0,91350.0,91280.0
Gigabyte PCI-E 4.0 GV-R675XTGAMING OC-12GD AMD Radeon RX 6750XT 12288Mb 192 GDDR6 2533/18000 HDMIx2 DPx2 HDCP Ret,61150.0,61150.0,65410.0,55840.0
Gigabyte PCI-E 4.0 GV-R675XTAORUS E-12GD AMD Radeon RX 6750XT 12288Mb 192 GDDR6 2554/18000 HDMIx2 DPx2 HDCP Ret,61950.0,63340.0,63340.0,62440.0
Gigabyte PCI-E 4.0 GV-R64D6-4GL AMD Radeon RX 6400 4096Mb 64 GDDR6 2039/16000 HDMIx1 DPx1 HDCP Ret low profile,14890.0,14890.0,16650.0,15750.0
Gigabyte PCI-E 4.0 GV-N309TGAMING-24GD NVIDIA GeForce RTX 3090TI 24576Mb 384 GDDR6X 1860/21000 HDMIx1 DPx3 HDCP Ret,178280.0,178280.0,178280.0,178280.0
Gigabyte PCI-E 4.0 GV-N3080GAMING OC-12GD LHR NVIDIA GeForce RTX 3080 12288Mb 320 GDDR6X 1755/19000 HDMIx2 DPx3 HDCP Ret,105320.0,107560.0,108500.0,108420.0
Gigabyte PCI-E 4.0 GV-N307TVISION OC-8GD NVIDIA GeForce RTX 3070TI 8192Mb 256 GDDR6X 1830/19000/HDMIx2/DPx2/HDCP Ret,78450.0,78450.0,78450.0,78450.0
Gigabyte PCI-E 4.0 GV-N307TAORUS M-8GD NVIDIA GeForce RTX 3070TI 8192Mb 256 GDDR6X 1875/19000/HDMIx3/DPx3/HDCP Ret,72750.0,72750.0,72750.0,72750.0
Gigabyte PCI-E 4.0 GV-N3070EAGLE OC-8GD 2.0 LHR NVIDIA GeForce RTX 3070 8192Mb 256 GDDR6 1770/14000 HDMIx2 DPx2 HDCP Ret,63340.0,63340.0,63340.0,54800.0
Gigabyte PCI-E 4.0 GV-N306TWF2OC-8GD NVIDIA GeForce RTX 3060Ti 8192Mb 256 GDDR6 1680/14000 HDMIx2 DPx2 HDCP Ret,,,55000.0,54960.0
Gigabyte PCI-E 4.0 GV-N306TGAMING-8GD 2.0 NVIDIA GeForce RTX 3060Ti 8192Mb 256 GDDR6 1665/14000 HDMIx2 DPx2 HDCP Ret,54040.0,54040.0,54040.0,54040.0
Gigabyte PCI-E 4.0 GV-N3050EAGLE-8GD NVIDIA GeForce RTX 3050 8192Mb 128 GDDR6 1777/14000 HDMIx2 DPx2 HDCP Ret,30690.0,30690.0,30690.0,30690.0
Gigabyte PCI-E 4.0 GV-N3050EAGLE OC-8GD NVIDIA GeForce RTX 3050 8192Mb 128 GDDR6 1792/14000 HDMIx2 DPx2 HDCP Ret,32420.0,32420.0,32390.0,32360.0
Gigabyte GV-R64EAGLE-4GD RTL,15180.0,15180.0,15180.0,15180.0
GigaByte nVidia GeForce RTX 3090 Ti GAMING OC PCI-E 24576Mb GDDR6X 384 Bit Retail GV-N309TGAMING OC-24GD,177960.0,177960.0,177960.0,177960.0
GigaByte nVidia GeForce RTX 3090 GAMING OC PCI-E 24576Mb GDDR6X 384 Bit Retail,156510.0,156510.0,156510.0,157890.0
GigaByte nVidia GeForce RTX 3080 Ti VISION OC PCI-E 12288Mb GDDR6X 384 Bit Retail (GV-N308TVISION OC-12GD),122790.0,122790.0,123750.0,111270.0
GigaByte nVidia GeForce RTX 3080 Ti GAMING OC PCI-E 12288Mb GDDR6X 384 Bit Retail,,,123500.0,
GigaByte nVidia GeForce RTX 3080 Ti EAGLE PCI-E 12288Mb GDDR6X 384 Bit Retail (GV-N308TEAGLE-12GD),122030.0,122030.0,122030.0,122030.0
GigaByte nVidia GeForce RTX 3080 Ti EAGLE OC PCI-E 12288Mb GDDR6X 384 Bit Retail (GV-N308TEAGLE OC-12GD),117930.0,117930.0,117930.0,
GigaByte nVidia GeForce RTX 3080 TURBO V.2 LHR PCI-E 10240Mb GDDR6X 320 Bit Retail (GV-N3080TURBO-10GD V.2),85170.0,85170.0,,
GigaByte nVidia GeForce RTX 3080 GAMING OC LHR PCI-E 10240Mb GDDR6X 320 Bit Retail GV-N3080GAMING OC-10GD V2,,,91420.0,80200.0
GigaByte nVidia GeForce RTX 3080 AORUS MASTER LHR PCI-E 10240Mb GDDR6X 320 Bit Retail (GV-N3080AORUS M-10GD 3.0),108850.0,108850.0,108850.0,108850.0
GigaByte nVidia GeForce RTX 3070 VISION OC PCI-E 8192Mb GDDR6 256 Bit Retail (GV-N3070VISION OC-8GD),59280.0,59280.0,59280.0,59280.0
GigaByte nVidia GeForce RTX 3070 Ti GAMING OC PCI-E 8192Mb GDDR6X 256 Bit Retail (GV-N307TGAMING OC-8GD),72070.0,72070.0,72070.0,65810.0
GigaByte nVidia GeForce RTX 3070 Ti EAGLE OC PCI-E 8192Mb GDDR6X 256 Bit Retail (GV-N307TEAGLE OC-8GD),67960.0,67960.0,67960.0,67960.0
GigaByte nVidia GeForce RTX 3070 GAMING OC PCI-E 8192Mb GDDR6 256 Bit Retail (GV-N3070GAMING OC-8GD),59280.0,59280.0,59280.0,59280.0
GigaByte nVidia GeForce RTX 3070 GAMING OC LHR PCI-E 8192Mb GDDR6 256 Bit Retail (GV-N3070GAMING OC-8GD 2.0),63700.0,63700.0,63700.0,55460.0
GigaByte nVidia GeForce RTX 3070 EAGLE OC PCI-E 8192Mb GDDR6 256 Bit Retail (GV-N3070EAGLE OC-8GD),58200.0,58200.0,58200.0,58200.0
GigaByte nVidia GeForce RTX 3060 VISION OC rev. 2.0 LHR PCI-E 12288Mb GDDR6 192 Bit Retail (GV-N3060VISION OC-12GD 2),49360.0,49360.0,49790.0,49750.0
GigaByte nVidia GeForce RTX 3060 Ti GAMING OC PRO LHR PCI-E 8192Mb GDDR6 256 Bit Retail (GV-N306TGAMINGOC PRO-8GD 3.0),57870.0,57870.0,57870.0,57870.0
GigaByte nVidia GeForce RTX 3060 Ti GAMING OC LHR PCI-E 8192Mb GDDR6 256 Bit Retail (GV-N306TGAMING OC-8GD 2.0),54600.0,54600.0,54600.0,50720.0
GigaByte nVidia GeForce RTX 3060 Ti GAMING OC LHR PCI-E 8192Mb GDDR6 256 Bit Retail,56710.0,56710.0,56710.0,56710.0
GigaByte nVidia GeForce RTX 3060 Ti EAGLE OC PCI-E 8192Mb GDDR6 256 Bit Retail (GV-N306TEAGLE OC-8GD),50250.0,50250.0,50250.0,50250.0
GigaByte nVidia GeForce RTX 3060 Ti EAGLE OC LHR PCI-E 8192Mb GDDR6 256 Bit Retail (GV-N306TEAGLE OC-8GD 2.0),54600.0,54600.0,57230.0,57180.0
GigaByte nVidia GeForce RTX 3060 Ti AORUS ELITE LHR PCI-E 8192Mb GDDR6 256 Bit Retail (GV-N306TAORUS E-8GD 2.0),62630.0,62630.0,,
GigaByte nVidia GeForce RTX 3060 GV-N3060GAMING PCI-E 12288Mb GDDR6 192 Bit Retail (GV-N3060GAMING OC-12GD),42380.0,42380.0,42380.0,42380.0
GigaByte nVidia GeForce RTX 3060 GAMING OC LHR PCI-E 12288Mb GDDR6 192 Bit Retail (GV-N3060GAMING OC-12GD 2.0),,,49050.0,46230.0
GigaByte nVidia GeForce RTX 3060 EAGLE OC LHR PCI-E 12288Mb GDDR6 192 Bit Retail (GV-N3060EAGLE OC-12GD 2.0),47900.0,46420.0,47420.0,45320.0
GigaByte nVidia GeForce RTX 3060 EAGLE LHR PCI-E 12288Mb GDDR6 192 Bit Retail (GV-N3060EAGLE-12GD 2.0),47950.0,47950.0,48440.0,48440.0
GigaByte nVidia GeForce RTX 3060 EAGLE LHR 12G PCI-E 12288Mb GDDR6 192 Bit Retail,43680.0,44940.0,45340.0,45300.0
GigaByte nVidia GeForce RTX 3050 GAMING OC PCI-E 8192Mb GDDR6 128 Bit Retail GV-N3050GAMING OC-8GD,32970.0,32970.0,33260.0,33230.0
GigaByte nVidia GeForce RTX 2060 D6 rev. 2.0 PCI-E 6144Mb GDDR6 192 Bit Retail (GV-N2060D6-6GD 2.0),34170.0,34170.0,34170.0,34170.0
GigaByte nVidia GeForce RTX 2060 D6 PCI-E 6144Mb GDDR6 192 Bit Retail (GV-N2060D6-6GD),32300.0,32300.0,32300.0,32300.0
GigaByte Radeon RX 6700 XT EAGLE PCI-E 12288Mb GDDR6 192 Bit Retail (GV-R67XTEAGLE-12GD),57600.0,58480.0,58100.0,58050.0
GigaByte Radeon RX 6650 XT GAMING OC PCI-E 8192Mb GDDR6 128 Bit Retail GV-R665XTGAMING OC-8GD,42230.0,42230.0,42230.0,42600.0
GigaByte Radeon RX 6650 XT EAGLE PCI-E 8192Mb GDDR6 128 Bit Retail GV-R665XTEAGLE-8GD,40290.0,40290.0,40290.0,40290.0
GigaByte Radeon RX 6600 EAGLE PCI-E 8192Mb GDDR6 128 Bit Retail (GV-R66EAGLE-8GD),29550.0,29550.0,29550.0,29550.0
GigaByte Radeon RX 6500 XT GAMING OC PCI-E 4096Mb GDDR6 64 Bit Retail (GV-R65XTGAMING OC-4GD),20500.0,20500.0,,20950.0
GigaByte Radeon RX 6500 XT EAGLE PCI-E 4096Mb GDDR6 64 Bit Retail,18080.0,18080.0,18080.0,18240.0
GigaByte GeForce GTX 1660 Ti OC PCI-E 6144Mb GDDR6 192 Bit Retail (GV-N166TOC-6GD),39560.0,39560.0,39760.0,52630.0
GigaByte GeForce GTX 1660 Ti D6 GV-N166TD6-6GD PCI-E 6144Mb GDDR6 192 Bit Retail,53040.0,54780.0,54260.0,54260.0
GigaByte GeForce GTX 1660 SUPER OC PCI-E 6144Mb GDDR6 192 Bit Retail (GV-N166SOC-6GD),31800.0,32850.0,32540.0,32540.0
GigaByte GeForce GTX 1660 SUPER D6 PCI-E 6144Mb GDDR6 192 Bit Retail (GV-N166SD6-6GD),32670.0,30300.0,32100.0,32080.0
GigaByte GeForce GTX 1660 OC PCI-E 6144Mb GDDR5 192 Bit Retail,30770.0,30770.0,30770.0,30770.0
GigaByte GeForce GTX 1650 OC PCI-E 4096Mb GDDR5 128 Bit Retail (GV-N1650OC-4GD),19150.0,19150.0,19150.0,19310.0
GigaByte GeForce GTX 1650 OC Low Profile PCI-E 4096Mb GDDR5 128 Bit Retail,19150.0,19150.0,19370.0,18160.0
GigaByte GeForce GTX 1650 MINI ITX OC PCI-E 4096Mb GDDR5 128 Bit Retail (GV-N1650IXOC-4GD),19150.0,19150.0,19150.0,19310.0
GigaByte GeForce GTX 1650 D6 OC PCI-E 4096Mb GDDR6 128 Bit Retail (GV-N1656OC-4GD),19810.0,19810.0,19810.0,19810.0
GigaByte GeForce GTX 1650 D6 OC Low Profile PCI-E 4096Mb GDDR6 128 Bit Retail (GV-N1656OC-4GL),20000.0,20000.0,20000.0,20000.0
GigaByte GeForce GTX 1050 Ti GV-N105TD5-4GD V1.1 PCI-E 4096Mb 128 Bit Retail (GV-N105TD5-4GDV1.1),16940.0,16940.0,16940.0,17440.0
GigaByte GeForce GTX 1050 Ti GV-N105TD5-4GD PCI-E 4096Mb GDDR5 128 Bit Retail (GV-N105TD5-4GD),17820.0,17820.0,18260.0,18260.0
GigaByte GeForce GT 730 GV-N730D5-2GL PCI-E 2048Mb 64 Bit Retail (GV-N730D5-2GL),6660.0,6660.0,6300.0,6290.0
GigaByte GeForce GT 730 GV-N730D3-2GI V3.0 PCI-E 2048Mb GDDR3 64 Bit Retail,5690.0,5690.0,5690.0,5690.0
GigaByte GeForce GT 730 GV-N730D3-2GI Retail PCI-E 2048Mb GDDR3 64 Bit Retail (GV-N730D3-2GI),6280.0,6280.0,6280.0,6280.0
GigaByte GeForce GT 730 GT730 PCI-E 2048Mb GDDR3 64 Bit Retail (GV-N730D3-2GI ),4860.0,4860.0,5540.0,5530.0
GigaByte GeForce GT 710 GV-N710D5SL-2GL PCI-E 2048Mb GDDR5 64 Bit Retail (GV-N710D5SL-2GL),6060.0,6060.0,5430.0,5420.0
GigaByte GeForce GT 710 GV-N710D5-2GL PCI-E 1024Mb 64 Bit Retail (GV-N710D5-2GL),5770.0,5770.0,5770.0,5770.0
GigaByte GeForce GT 710 GV-N710D3-2GLV2.0 PCI-E 2048Mb 64 Bit Retail (GV-N710D3-2GLV2.0),,,4760.0,4750.0
GigaByte GeForce GT 710 GV-N710D3-2GL PCI-E 2048Mb GDDR3 64 Bit Retail (GV-N710D3-2GL),5150.0,5150.0,5200.0,5200.0
GigaByte GeForce GT 1030 NVidia GeForce GT 1030 PCI-E 2048Mb DDR4 64 Bit Retail (GV-N1030D4-2GL),7990.0,7990.0,8050.0,8050.0
GigaByte GeForce GT 1030 GV-N1030SL-2GL PCI-E 2048Mb GDDR5 64 Bit Retail (GV-N1030SL-2GL),8230.0,8230.0,8230.0,8230.0
GigaByte GeForce GT 1030 GV-N1030OC-2GI PCI-E 2048Mb 64 Bit Retail (GV-N1030OC-2GI),7890.0,7890.0,7890.0,7890.0
GigaByte GeForce GT 1030 GV-N1030D5-2GL PCI-E 2048Mb 64 Bit Retail (GV-N1030D5-2GL),8130.0,8130.0,8130.0,8200.0
GeForce RTX 3060 Ti TWIN FAN 8G OC LHR,60450.0,62430.0,61840.0,56190.0
Gainward nVidia GeForce RTX 2060 SUPER SUPER Ghost PCI-E 8192Mb GDDR6 256 Bit OEM NE6206S018P2-1160X-1,39790.0,39790.0,40140.0,40100.0
GV-N3070EAGLE-8GD 2.0 RTX 3070 EAGLE OC 8GB GDDR6 256bit 2xHDMI 2xDP LHR(309459),62970.0,62970.0,62970.0,54130.0
GV-N306TGAMING-8GD,50350.0,50350.0,50350.0,50350.0
GV-N306TEAGLE-8GD 2.0 RTX3060Ti 8GB GDDR6 256bit 2xHDMI 2xDP LHR RTL (309435),,,55740.0,55700.0
GTX750 LP 2GB GDDR5 128BIT DVI-D VGA HDMI DUAL FAN RETAIL PACK (875004),7390.0,7390.0,7460.0,7450.0
GTX1660SUPER NB 6G V2-V 6GB GDDR6 192bit DVI HDMI DP (10) (592334),30210.0,30210.0,30480.0,30460.0
"GTX1660SUPER 6GB GDDR6 192BIT, DVI, DisplayPort, HDMI ATX DUAL FAN (AF1660S-6144D6H4) (785013)",30490.0,30490.0,30490.0,30620.0
"GTX1650 4GB GDDR6 128BIT, ATX DUAL FAN (784788)",17580.0,17580.0,17730.0,17720.0
GTX1630 4GB GDDR5 128bit DVI HDMI DP RTL (311148),16150.0,16150.0,16150.0,16150.0
GTX1630 4GB GDDR5 128bit DVI HDMI DP RTL (311131) {20},16150.0,16150.0,,16280.0
GT740 LP Single Fan OEM 2GB GDDR5 128Bit VGA DVI HDMI,6170.0,6170.0,6170.0,6170.0
"GT730 2GB GDDR5 128Bit, ATX Single Fan AF730-2048D5H5 RTL {30}",5030.0,5030.0,5030.0,5030.0
"GT710 AF710-2048D3L5-V4 2GB DDR3 64BIT, LP Heatsink (785020)",3660.0,3660.0,3690.0,3690.0
"GT240 1GB DDR3 128BIT, LP Single fan (782883)",2450.0,2450.0,2470.0,2470.0
GT1030 2GB GDDR5 64Bit DVI HDMI LP Single Fan AF1030-2048D5L5 RTL {30},7080.0,7080.0,7140.0,7140.0
GT 610 2GB DDR3 64bit DVI HDMI (AF610-2048D3L7-V5) RTL,3050.0,3050.0,3070.0,3070.0
GPU T600 Bulk Packing / ATX Bracket only,37990.0,37990.0,23180.0,23160.0
GPU P400,11830.0,11830.0,11940.0,11930.0
Dell PCI-E 4.0 490-BHQD NVIDIA RTX A2000 6144Mb GDDR6 mDPx4 HDCP oem,68130.0,68130.0,68130.0,68130.0
Dell PCI-E 4.0 490-BGYC NVIDIA RTX A5000 24576Mb GDDR6 DPx4 HDCP oem,235130.0,235130.0,235130.0,235130.0
DUAL-RTX3060Ti-8G-V2 RTX3060TI 8GB GDDR6 256bit 2xHDMI 3xDP (327301),55090.0,55090.0,55090.0,55090.0
DUAL-RTX3060-12G-V2,45440.0,45440.0,45440.0,45440.0
DUAL-RTX2060-O12G-EVO 12GB GDDR6 192bit DVI 2xHDMI DP (562573)  {5},45020.0,45020.0,45020.0,37040.0
DELL Quadro T1000 490-BGXY PCI-E 4096Mb GDDR6 128 Bit OEM,70420.0,70420.0,70420.0,70420.0
Colorful RTX3060 iGame Mini OC 12G L-V 12GB,44190.0,44190.0,44580.0,44540.0
COLORFUL BANDS nVidia GeForce RTX 3060 NB DUO 12G V2 L-V PCI-E 12288Mb GDDR6 192 Bit Retail,47240.0,47240.0,47240.0,47240.0
BIOSTAR Radeon RX 550 Gaming PCI-E 4096Mb GDDR5 128 Bit Retail VA5505RF41,9530.0,9520.0,9510.0,9510.0
BIOSTAR GeForce GT 1030 4096Mb ATX SINGLE FAN (VN1034TB46),9370.0,9370.0,9370.0,9370.0
Asus PCI-E PH-GTX1660S-6G nVidia GeForce GTX 1660SUPER 6144Mb 192bit GDDR6 1530/14002 DVIx1/HDMIx1/DPx1/HDCP Ret,43150.0,43150.0,43150.0,43150.0
Asus PCI-E DUAL-GTX1660S-6G-EVO nVidia GeForce GTX 1660SUPER 6144Mb 192bit GDDR6 1530/14002 DVIx1/HDMIx1/DPx1/HDCP Ret,34950.0,36090.0,32830.0,32810.0
Asus PCI-E 4.0 TUF-RX6500XT-O4G-GAMING AMD Radeon RX 6500XT 4096Mb 64 GDDR6 2685/18000 HDMIx1 DPx1 HDCP Ret,,,23750.0,22530.0
Asus PCI-E 4.0 PH-RTX3050-8G NVIDIA GeForce RTX 3050 8192Mb 128 GDDR6 1777/14000 HDMIx1 DPx3 HDCP Ret,37020.0,37020.0,37210.0,33910.0
Asus PCI-E 4.0 DUAL-RX6650XT-O8G AMD Radeon RX 6650XT 8192Mb 128 GDDR6 2447/17500 HDMIx1 DPx3 HDCP Ret,41060.0,41060.0,41060.0,37300.0
Asus PCI-E 4.0 DUAL-RX6500XT-O4G AMD Radeon RX 6500XT 4096Mb 64 GDDR6 2650/18000 HDMIx1 DPx1 HDCP Ret,20210.0,20560.0,20560.0,19500.0
Asus PCI-E 4.0 DUAL-RX6400-4G AMD Radeon RX 6400 4096Mb 64 GDDR6 2039/16000 HDMIx1 DPx1 HDCP Ret,23290.0,16310.0,16310.0,16450.0
Asus PCI-E 4.0 DUAL-RTX3050-O8G NVIDIA GeForce RTX 3050 8192Mb 128 GDDR6 1822/14000 HDMIx1 DPx3 HDCP Ret,38470.0,36400.0,36400.0,34910.0
Afox Radeon RX 550 AFRX550-4096D5H4-V6 PCI-E 4096Mb GDDR5 128 Bit Retail AFRX550-4096D5H4-V6,11980.0,11980.0,12080.0,12070.0
Afox GeForce GTX 750 AF750-4096D5L4-V2 PCI-E 4096Mb GDDR5 128 Bit Retail,9690.0,9840.0,9780.0,9770.0
Afox GeForce GTX 750 AF750-2048D5H6-V3 PCI-E 2048Mb GDDR5 128 Bit Retail,8680.0,8680.0,,8750.0
Afox GeForce GT 740 AF740-4096D3L3 PCI-E 4096Mb GDDR3 128 Bit Retail,6530.0,6630.0,6590.0,6580.0
Afox GeForce GT 740 AF740-2048D5L4 PCI-E 2048Mb GDDR5 128 Bit Retail,6080.0,6080.0,,
Afox GeForce GT 740 AF740-2048D5H3 PCI-E 2048Mb GDDR5 64 Bit Retail,6280.0,6280.0,6280.0,6280.0
Afox GeForce GT 730 AF730-4096D3L6 PCI-E 4096Mb GDDR3 128 Bit Retail,4950.0,5020.0,4990.0,4990.0
Afox GeForce GT 710 AF710-2048D3L5 PCI-E 2048Mb GDDR3 64 Bit Retail,3530.0,3590.0,3560.0,3560.0
Afox GeForce GT 710 AF710-1024D3L5 PCI-E 1024Mb GDDR3 64 Bit Retail,3320.0,3380.0,3350.0,3350.0
Afox GeForce GT 610 AF610-1024D3L7-V5 PCI-E 1024Mb DDR3 64 Bit Retail,2480.0,2480.0,2500.0,2500.0
Afox GeForce GT 220 AF220-1024D3L2 PCI-E 1024Mb GDDR3 64 Bit Retail,2620.0,2550.0,2570.0,2570.0
Afox GeForce GT 210 AF210-512D3L3-V2 PCI-E 512Mb GDDR2 64 Bit Retail,1970.0,2000.0,1990.0,
Afox GeForce GT 210 AF210-1024D3L8 PCI-E 1024Mb DDR3 64 Bit Retail,2340.0,2340.0,2360.0,2360.0
Afox GeForce GT 210 AF210-1024D3L5-V2 PCI-E 1024Mb GDDR3 64 Bit Retail,2300.0,2330.0,2320.0,2320.0
Afox GeForce GT 210 AF210-1024D2LG2 PCI-E 1024Mb DDR2 64 Bit Retail,2320.0,2320.0,2320.0,2320.0
Afox GeForce GT 1030 AF1030-2048D5L7 PCI-E 2048Mb GDDR5 64 Bit Retail,7150.0,7150.0,7210.0,7200.0
Afox AMD Radeon R5 230 AFR5230-2048D3L4 PCI-E 2048Mb GDDR3 64 Bit Retail,,,3000.0,3000.0
Afox AMD Radeon R5 230 AFR5230-1024D3L9-V2 PCI-E 1024Mb GDDR3 64 Bit Retail,2550.0,2550.0,2570.0,2570.0
Afox AMD Radeon R5 230 230 LP PCI-E 2048Mb DDR3 64 Bit Retail AFR5230-2048D3L9-V2,3050.0,3050.0,3070.0,3070.0
Afox AMD Radeon R5 220 AFR5220-2048D3L4 PCI-E 2048Mb GDDR3 64 Bit Retail,2700.0,2700.0,2700.0,2700.0
Afox AMD Radeon R5 220 AFR5220-1024D3L9-V2 PCI-E 1024Mb GDDR3 64 Bit Retail,,,2220.0,2220.0
ASUS nVidia GeForce RTX 3090 Ti TUF Gaming OC PCI-E 24576Mb GDDR6X 384 Bit Retail,205760.0,205760.0,205760.0,205760.0
ASUS nVidia GeForce RTX 3090 TUF Gaming PCI-E 24576Mb GDDR6X 384 Bit Retail (TUF-RTX3090-O24G-GAMING),162010.0,162010.0,162010.0,162010.0
ASUS nVidia GeForce RTX 3090 ROG STRIX OC PCI-E 24576Mb GDDR6X 384 Bit Retail,172360.0,172360.0,172360.0,172360.0
ASUS nVidia GeForce RTX 3080 Ti TUF Gaming OC Edition PCI-E 12288Mb GDDR6X 384 Bit Retail (TUF-RTX3080TI-O12G-GAMING),140190.0,140190.0,140190.0,140190.0
ASUS nVidia GeForce RTX 3080 Ti ROG Strix OC Edition PCI-E 12288Mb GDDR6X 384 Bit Retail (ROG-STRIX-RTX3080TI-O12G-GAMING),154800.0,154800.0,154800.0,154800.0
ASUS nVidia GeForce RTX 3080 TUF Gaming V2 OC Edition LHR PCI-E 10240Mb GDDR6X 320 Bit Retail (TUF-RTX3080-O10G-V2-GAMING),113410.0,113410.0,113410.0,113410.0
ASUS nVidia GeForce RTX 3080 TUF Gaming V2 LHR PCI-E 10240Mb GDDR6X 320 Bit Retail (TUF-RTX3080-10G-V2-GAMING),111380.0,111380.0,111380.0,101410.0
ASUS nVidia GeForce RTX 3080 TUF GAMING OC 12GB PCI-E 12288Mb GDDR6X 384 Bit Retail,111590.0,111590.0,111590.0,111590.0
ASUS nVidia GeForce RTX 3080 ROG Strix OC 12GB PCI-E 12288Mb GDDR6X 384 Bit Retail,144590.0,144590.0,144590.0,144590.0
ASUS nVidia GeForce RTX 3070 Ti TUF Gaming OC Edition LHR PCI-E 8192Mb GDDR6X 256 Bit Retail (TUF-RTX3070TI-O8G-GAMING),93420.0,93420.0,93420.0,94040.0
ASUS nVidia GeForce RTX 3070 Ti ROG-STRIX-OC Edition GAMING PCI-E 8192Mb GDDR6X 256 Bit Retail (ROG-STRIX-RTX3070TI-O8G-GAMING),87480.0,87480.0,87480.0,87480.0
ASUS nVidia GeForce RTX 3070 TUF Gaming V2 LHR PCI-E 8192Mb GDDR6 192 Bit Retail (TUF-RTX3070-O8G-V2-GAMING),67960.0,67960.0,67960.0,61510.0
ASUS nVidia GeForce RTX 3070 Dual V2 OC Edition LHR PCI-E 8192Mb GDDR6 256 Bit Retail (DUAL-RTX3070-O8G-V2),63760.0,63760.0,63760.0,60770.0
ASUS nVidia GeForce RTX 3070 Dual V2 LHR PCI-E 8192Mb GDDR6 256 Bit Retail (DUAL-RTX3070-8G-V2),67240.0,67240.0,67240.0,67240.0
ASUS nVidia GeForce RTX 3060 Ti ROG STRIX V2 GAMING LHR PCI-E 8192Mb GDDR6 192 Bit Retail (ROG-STRIX-RTX3060TI-O8G-V2-GAMING),61020.0,61020.0,61020.0,61020.0
ASUS nVidia GeForce RTX 3060 Ti Dual V2 OC Mini LHR PCI-E 8192Mb GDDR6 256 Bit Retail,68370.0,68370.0,68370.0,75160.0
ASUS nVidia GeForce RTX 3060 Ti Dual V2 OC Edition LHR PCI-E 8192Mb GDDR6 256 Bit Retail (DUAL-RTX3060TI-O8G-V2),52660.0,52660.0,52780.0,48380.0
ASUS nVidia GeForce RTX 3060 TUF-V2-GAMING LHR PCI-E 12288Mb GDDR6 192 Bit Retail (TUF-RTX3060-12G-V2-GAMING),49890.0,49890.0,49890.0,49890.0
ASUS nVidia GeForce RTX 3060 ROG-STRIX-V2-GAMING LHR PCI-E 12288Mb GDDR6 192 Bit Retail (ROG-STRIX-RTX3060-O12G-V2-GAMING),52890.0,52890.0,62430.0,
ASUS nVidia GeForce RTX 3060 Phoenix V2 LHR PCI-E 12288Mb GDDR6 192 Bit Retail (PH-RTX3060-12G-V2),42730.0,42730.0,42730.0,42730.0
ASUS nVidia GeForce RTX 3060 Dual V2 OC Edition PCI-E 12288Mb GDDR6 192 Bit Retail,49160.0,50960.0,50960.0,46710.0
ASUS nVidia GeForce RTX 2060 DUAL EVO PCI-E 6144Mb GDDR6 192 Bit Retail (DUAL-RTX2060-O6G-EVO),43580.0,43580.0,43580.0,43580.0
ASUS Radeon RX 6900 XT ROG-STRIX-LC-T-GAMING PCI-E 16384Mb GDDR6 256 Bit Retail (ROG-STRIX-LC-RX6900XT-T16G-GAMING),102910.0,102910.0,102910.0,102910.0
ASUS Radeon RX 6700 XT DUAL PCI-E 12288Mb GDDR6 192 Bit Retail (DUAL-RX6700XT-12G),58240.0,56780.0,56780.0,51850.0
ASUS Radeon RX 6700 XT DUAL OC Edition PCI-E 12288Mb GDDR6 192 Bit Retail ()DUAL-RX6700XT-O12G),62610.0,61150.0,61150.0,55840.0
ASUS Radeon RX 6600 DUAL PCI-E 8192Mb GDDR6 128 Bit Retail DUAL-RX6600-8G,33020.0,33490.0,33490.0,33490.0
ASUS Radeon RX 550 Phoenix PCI-E 2048Mb GDDR5 64 Bit Retail (PH-550-2G),8390.0,8390.0,8390.0,8390.0
ASUS GeForce GTX 1660 Ti TUF Gaming EVO TOP Edition PCI-E 6144Mb GDDR6 192 Bit Retail (TUF-GTX1660TI-T6G-EVO-GAMING) 90YV0CT9-M0NA00,37740.0,37740.0,37740.0,37740.0
ASUS GeForce GTX 1660 Ti TUF Gaming EVO TOP Edition PCI-E 6144Mb GDDR6 192 Bit Retail (TUF-GTX1660TI-6G-EVO-GAMING),,,34220.0,34220.0
ASUS GeForce GTX 1660 Ti TUF Gaming EVO OC Edition PCI-E 6144Mb GDDR6 192 Bit Retail (TUF-GTX1660TI-O6G-EVO-GAMING),34120.0,34120.0,34290.0,34260.0
ASUS GeForce GTX 1660 SUPER TUF Gaming PCI-E 6144Mb GDDR6 192 Bit Retail,37600.0,37600.0,37600.0,37600.0
ASUS GeForce GTX 1660 SUPER TUF Gaming OC Edition PCI-E 6144Mb GDDR6 192 Bit Retail (TUF-GTX1660S-O6G-GAMING),32300.0,32300.0,32470.0,32440.0
ASUS GeForce GTX 1660 SUPER Phoenix OC edition PCI-E 6144Mb GDDR6 192 Bit Retail (PH-GTX1660S-O6G),27630.0,27630.0,27630.0,27630.0
ASUS GeForce GTX 1660 SUPER Dual OC Edition PCI-E 6144Mb GDDR6 192 Bit Retail (DUAL-GTX1660S-O6G-EVO),42430.0,42430.0,42430.0,42430.0
ASUS GeForce GTX 1650 TUF Gaming OC Edition PCI-E 4096Mb GDDR6 128 Bit Retail (TUF-GTX1650-O4GD6-GAMING),25480.0,25480.0,25700.0,25680.0
ASUS GeForce GTX 1650 Phoenix OC edition PCI-E 4096Mb GDDR6 128 Bit Retail (PH-GTX1650-O4GD6),,,21330.0,21330.0
ASUS GeForce GTX 1650 PH-GTX1650-O4G PCI-E 4096Mb GDDR5 128 Bit Retail (90YV0CV0-M0NA00),24040.0,24040.0,23160.0,24140.0
ASUS GeForce GTX 1650 Gaming PCI-E 4096Mb GDDR6 128 Bit Retail (90YV0EH1-M0NA00),25060.0,21130.0,21130.0,20040.0
ASUS GeForce GTX 1650 Dual OC Edition PCI-E 4096Mb GDDR5 128 Bit Retail (DUAL-GTX1650-O4G),18780.0,18780.0,18780.0,18780.0
ASUS GeForce GT 730 GT730-SL-2GD5-BRK-E PCI-E 2048Mb GDDR5 64 Bit Retail,6210.0,6210.0,6210.0,6470.0
ASUS GeForce GT 730 GT730-SL-2GD5-BRK PCI-E 2048Mb GDDR5 64 Bit Retail (GT730-SL-2GD5-BRK),6430.0,6470.0,6500.0,6500.0
ASUS GeForce GT 730 GT730-4H-SL-2GD5 PCI-E 2048Mb GDDR5 64 Bit Retail,6480.0,6640.0,6630.0,
ASUS GeForce GT 1030 GT1030-SL-2G-BRK PCI-E 2048Mb GDDR5 64 Bit Retail (90YV0AT0-M0NA00),8210.0,8210.0,8250.0,6890.0
ASUS GeForce GT 1030 GT1030-2G-BRK PCI-E 2048Mb GDDR5 64 Bit Retail (GT1030-2G-BRK),7970.0,7970.0,7970.0,8050.0
ASUS A10 TESLA A10 PCI-E 24576Mb GDDR6 384 Bit Retail,249000.0,249000.0,251200.0,250990.0
ASRock Radeon RX 6900 XT OC Formula PCI-E 16384Mb GDDR6 256 Bit Retail,178370.0,178370.0,178370.0,178370.0
AMD Radeon Pro W6800 100-506157 PCI-E 32768Mb GDDR6 256 Bit Retail,232060.0,232060.0,234100.0,233910.0
AMD FirePro S400 Sync Module,54880.0,54880.0,55370.0,55320.0
AHR735025F Radeon R7 350 (512SP) 2G GDDR5 128BIT (DVI/HDMI/CRT) RTL {20},5200.0,5200.0,5200.0,5200.0
AFOX Geforce RTX 2060 SUPER,42750.0,42750.0,42970.0,43010.0
2048Mb Palit GeForce GT730 PCI-E DDR3 64 bit DVI HDMI Retail,5680.0,5680.0,5680.0,5680.0
MSI PCI-E GTX 1650 VENTUS XS 4G nVidia GeForce GTX 1650 4096Mb 128bit GDDR5 1485/8000 DVIx1/HDMIx1/DPx1/HDCP Ret,,,,17470.0
PCIE16 T400 4GB GDDR6 900-5G172-2240-000 NVIDIA,,,,17790.0
PCIE16 GT710 2GB GDDR3 426018336-3576 GAINWARD,,,,4810.0
Asus PCI-E 4.0 TUF-RX6800-O16G-GAMING AMD Radeon RX 6800 16384Mb 256 GDDR6 1925/16000/HDMIx1/DPx3/HDCP Ret,,,,65970.0
PCIE16 T400 2GB GDDR6 900-5G172-2200-000 NVIDIA,,,,14940.0
TUF-RX6800XT-O16G-GAMING 16GB GDDR6 256bit HDMI 3xDP RTL {1} (990202),,,,91040.0
DUAL-RTX2060-12G-EVO 12GB GDDR6 192bit DVI 2xHDMI DPRTL  (562474) {5},,,,36700.0
MSI nVidia GeForce RTX 3080 GAMING Z TRIO LHR PCI-E 10240Mb GDDR6X 320 Bit Retail (3080 GAM Z TRIO 10G LHR),,,,89410.0
EVGA nVidia GeForce RTX 3060 GAMING XC PCI-E 12288Mb GDDR6 192 Bit Retail (12G-P5-3657-KR),,,,46830.0
ASUS GeForce GT 1030 PH-GT1030-O2G PCI-E 2048Mb GDDR5 64 Bit Retail (90YV0AU0-M0NA00),,,,7610.0
ASUS Radeon RX 6600 XT ROG Strix OC Edition GAMING PCI-E 8192Mb GDDR6 128 Bit Retail (ROG-STRIX-RX6600XT-O8G-GAMING 90YV0GN0-M0NA00),,,,36950.0
ASUS nVidia GeForce RTX 3060 TUF Gaming GeForce RTX 3060 V2 OC Edition LHR PCI-E 12288Mb GDDR6 192 Bit Retail (TUF-RTX3060-O12G-V2-GAMING),,,,56290.0
RTX3050 ELITE 8GB GDDR6 128bit 2xHDMI 2xDP (310844),,,,37130.0
Gigabyte PCI-E 4.0 GV-N306TVISION OC-8GD 2.0 LHR NVIDIA GeForce RTX 3060Ti 8192Mb 256 GDDR6 1755/14000 HDMIx2 DPx2 HDCP Ret,,,,60890.0
GTX1650 D6 WINDFORCE 4GB GDDR6 128bit DVI HDMI DP GV-N1656WF2-4GD  RTL (306762) GV-N1656WF2-4GD {20},,,,19170.0
